TENNESSEE,250198024450593428900187009332312420095
OREGON,83891477858249135677011293611851999706
NEW ORLEANS,249170420669878008687308977078713549912
TEXAS,185944095234733395459674463679173467849
GEORGIA,21986503434886013647108541935536557802
USC,312278578802730196854178518744614974672
BAYLOR,256826178140979321223630004084677035779
LSU,236244807789886097439834810541992053485
OHIO STATE,90127906763535275330616618459891203407
KENTUCKY,75988917409607174439740070210606196016
MID. TENN. STATE,22128043462320479227127644115343059522
HOUSTON,107438595879657509308852403005733366409
INDIANA STATE,49317287391780015701377059457413924976
STANFORD,149286601331067759499535532145534159361
TEXAS TECH,73537382050773988435605177878740580450
LOUISVILLE,163725394836612311912314581810877550456
FLORIDA,45490250593289907855981319796924914066
LITTLE ROCK,314927505181789324670429584607904424543
NORTHWESTERN ST.,880270417475022454244920041954968811
INDIANA,105357867367006756732784406364136983565
WISCONSIN,125938325209300115028384586047629514003
TEXAS A&M,296279072993879326071306307538062903462
PURDUE,83432897045866146772671412972235722278
BOSTON UNIVERSITY,35180899403395642323190868243385229146
FLORIDA STATE,195432811896170875487448710831796162034
N. CAROLINA A&T,213705447936167597795445811928455891024
AUBURN,316243548163981680635761940878292107431
MINNESOTA,109294773871489447565313163459728127540
OKLAHOMA,23797154579470237907248144805001228458
VIRGINIA TECH,39533048856603760024477946222851851546
YOUNGSTOWN ST.,331818901200735896542669719914248044782
CINCINNATI,214445878607626020081014172669404912584
CLEMSON,308832767516744199194377656726065949310
ALBANY,54266010935582339405763624107969510070
PRINCETON,220841197864031893875181322025083657597
NORTH TEXAS,335076094243803359459177974463904337628
NORTHEASTERN,133409815684645112643872928543802525568
COPPIN STATE,17066438979362901030610634481951073172
LIBERTY,104581251208647728384460630856308193518
EAST CAROLINA,240227931443126733918368713344717602672
TCU,202918808753389321451897437084085910485
IOWA,34968889656927190156259436714364440321
HIGH POINT,306290522836458984700795527247990747444
DUQUESNE,23210022009309973576958514149792739921
TULSA,160553343481421956047693328546200488749
NORTHERN IOWA,279173070767600173965702085414667065668
CAL ST. FULLERTON,336369206151547005498772628352308507842
NORFOLK STATE,290974005353634399001528890741991724288
TARLETON STATE,132096980986281891291684145734573770423
BETHUNE-COOKMAN,77580594847318613894659326146786372270
ULM,211384981174964414909163997688691356651
SOUTHERN MISS.,69432892279145881315710312762898532591
PENN STATE,86095412639435939543261924999208920132
CAMPBELL,114386192470794450871564916860525232237
SOUTH CAROLINA ST.,132534566778544130368473000231580037684
ARIZONA,174380592833672412645864629252526938517
VMI,244125910712046391553810061643338310564
ARKANSAS,317473880559095442450794839698084107550
ARIZONA STATE,188151132940131678968884580980859025269
LOUISIANA,277643423870057744297535030785274754495
CONNECTICUT,61182736655422852371883542667102641294
GRAMBLING,213483988608483849925272428484597046606
ALABAMA STATE,36456687427058183144010441023495469811
OLE MISS,1418574259482033468020244890065473842
MCNEESE STATE,295566808130483216739383884245560245082
NORTHERN ARIZONA,219420152796295054591150511116406870277
UNC-ASHEVILLE,322704224547020565369703238827525907542
INCARNATE WORD,147799116226931455252833689897692669716
TEXAS SOUTHERN,84997788008311247943948835224845369861
NORTH CAROLINA,144341381222622897585639186642637216258
HARVARD,23055858831664360234486772191306949148
APPALACHIAN STATE,237996495217386220000230541731169485733
MARYLAND,265422164762158960677858686121873833861
SOUTHERN,87082410507757759338396972574102372358
LIU,46272648712735083941500508691323601214
COASTAL CAROLINA,203858548410862468249473350227995106019
TULANE,88066767921786043219044788031795472685
ALABAMA,304122538485040222643963751102266433487
TEXAS STATE,307697753105667482450946442611557945787
UTEP,51937675539788023707880676560884287168
CALIFORNIA,284310995784703450400645174541662611154
VCU,10674765017448054038089551676671116370
RUTGERS,332087632767464615338033967682545305069
RIDER,202040583391820652547342188228002065644
SAM HOUSTON,212437363067012426233176807737847425248
UC SAN DIEGO,55111413141450812929136565585813353683
STEPHEN F. AUSTIN,135019160459696502611468412951530945621
UTAH VALLEY,172549172017082787170386829242352717220
NC STATE,248901719713389166848896277884322437053
MARIST,67894822456885113622106803754873552211
UTSA,181059175076121728793666624283588924223
BYU,298076198792907538399565381427549526491
KENT STATE,133226779691882094830890417048650767999
ALCORN STATE,89738835911537538219190292299964185508
ORAL ROBERTS,78912948621414566891750238508026162646
EASTERN MICHIGAN,271645626401464488556281569419938888880
DETROIT MERCY,264489759677769292240304351969475673669
SOUTH DAKOTA,196428301352763057570688444168541564038
WICHITA STATE,231336027195653184749869916308376583365
UL-MONROE,191515437179285508018477969437938376263
UT-ARLINGTON,145304301880207713371080598405319857687
NEBRASKA,137832781065955292768419934852916578836
LIPSCOMB,167678761197183741283489002817920568032
YALE,236340788445664509444707447894090154708
JACKSON STATE,276928475668127899112859771700165868822
CENTRAL ARKANSAS,215646427480280227193755497702998625199
ABILENE CHRISTIAN,81865059727983112620605254497227000019
ILLINOIS STATE,208676862087494420562703541681516859634
SOUTH CAROLINA,20321054889474542614850595917935661209
LONG BEACH ST.,16263583517090557464521455257763299567
HOUSTON BAPTIST,58178604325996791312196348977442333111
GEORGETOWN,316421839969652503065750574499291939709
UNCW,249321920873145885114089720824004544402
COLORADO ST.,171674940333543821928513897682298064193
SACRAMENTO ST.,164416420767042162249947428823575726437
MOUNT ST. MARY'S,268462475738752049718692399892305228509
AIR FORCE,338848248351732200570119280092788201646
KENNESAW STATE,336345812084410611644993848210611217313
DUKE,105343628969080952547634545983342102568
MORGAN STATE,104158100459869064899150643643767965966
MONMOUTH,95411242568420124611927467629981306050
WASHINGTON,58527491217325539572083230208318318065
AKRON,264726739507307365330553536547276234365
IONA,54384904463257541206705103592586985353
WESTERN CAROLINA,81076110691506328360529683442751604961
COLORADO,224117380886230398120668509814038641134
TROY,224563711480437042191589563258925896369
GRAND CANYON,138475809361967196542026098836000750422
UCLA,51455970689756357069855855368907343444
VIRGINIA,241636387410416780650371102117065664292
MISS STATE,117441158816934501336216069955590809857
ILLINOIS,304535049492519961316894797035612238591
MIAMI (OHIO),295999537675356340334510077564861899490
UMBC,173651171463507878707890509968192742727
MISSOURI,103431725115737716371439920259354842978
MONTANA STATE,60345877519447159826975824729903321471
ST. THOMAS (MINN.),26772498784731349941429078121924398557
WINTHROP,52779793248061051074465198591462712881
ST. PETER'S,112632134502200602287156378584580848315
MARYLAND-EASTERN SHORE,10488592706016921581316303146127559802
FAIRLEIGH DICKINSON,272884445727848646146161680235733912296
RHODE ISLAND,11907074576357890612431162704431936362
CSUN,271254744835947536331763308725915874095
UT-RIO GRANDE VALLEY,225752986034298708639194557588641264146
NORTH DAKOTA STATE,165906693341049073960192470341076047302
NICHOLLS STATE,35653491053263337030635218857499306128
CORNELL,110230244875981114328194172241320137004
NORTHERN COLORADO,243021027608085311780057464445530200871
SAMFORD,177977730660034680453931520217068470514
UC DAVIS,69276008735286641134082209372673563919
COLUMBIA,150429049647515018558547734702768689881
SOUTH FLORIDA,3439306267957149205447240305380418465
DEPAUL,7095534491459072945540059959671835244
DELAWARE STATE,16796834140476914650228190870939534166
DARTMOUTH,205889545024682806340036658190923558336
USC UPSTATE,288124031819676813853149886136361838058
IDAHO,276036705082858437075902426567641507143
HOWARD,303854476094356666805847440416930699707
KANSAS STATE,252136564280836598800449632517829944895
NJIT,110514091392776659316500301003190282443
SOUTHERN ILLINOIS,172484812368068925568916757114200405188
SAINT LOUIS,140984673630793255961412661088449525142
BUFFALO,300573655012043143203752443886875215651
EAST TENN. ST.,314950699129952301028176077686106670231
MICHIGAN STATE,196571153002551230133784106154786811691
WESTERN KENTUCKY,327407371440866121814163890846405816732
HAMPTON,200694491865169192644480466977099954111
MICHIGAN,153262244952208851340434208395070553540
SOUTH DAKOTA ST.,24280711212632225716708303444651910941
SOUTHERN UTAH,158925238093779490770906543050662072308
WYOMING,250587387400085126265565876726403264404
SOUTH ALABAMA,79334026918119290613307649448430647751
UC IRVINE,54346718986549540514962116915162760436
EASTERN WASHINGTON,322317056734226295860049952864855282055
BUTLER,250125974214549988757088634172056350614
SIU EDWARDSVILLE,14531648905881097125293803391836524184
EASTERN KENTUCKY,152405347703984773989319125003610837070
MILWAUKEE,75889006823836907114547867082757310644
PITTSBURGH,122339907286880325680663674192669395002
EVANSVILLE,44013376278613340422594260199656712801
CHICAGO STATE,243484106639744150420518344461312154752
BROWN,71478285928956018767054964836640072865
FIU,111597363620338161607059042300512601318
EASTERN ILLINOIS,69983623274927994487558202687320930070
DRAKE,253891420675440436120140436677700109276
RICE,274669662906710307609171170640361896097
SEATTLE U.,86934014538253437006605304378916166605
WASHINGTON ST.,91912101978666001676695632158648812306
SYRACUSE,109773845961357372637852523936136503920
SAN JOSE ST.,207261081537558043196305040011135818506
OAKLAND,107803389933884242226547601378480354517
WAKE FOREST,326089485433612626733933352302521614065
ARKANSAS STATE,51621372922551330704419046351185107623
SE LOUISIANA,174618023171154391436533588910423655169
NEW MEXICO,266300240444694933317057169582440691786
MIAMI (FLA.),84386480087108463293460777193720947173
UTAH STATE,316022414773428184437107013255386819869
NOTRE DAME,232779504826947971131826690128754619962
OKLAHOMA STATE,218849578847767281414664389420524139655
KANSAS,241939169048963670440454567612807279510
GEORGE MASON,331714588788757728528595530189463862743
CHARLOTTE,184742782654897886372979780578914757998
CENTRAL CONNECTICUT,49489422326853679219172978335900667549
NAVY,273169024026582549915272521565451567256
PRAIRIE VIEW,119681064537356858175801387264081237124
IOWA STATE,277549195609457688662767023783765908717
ARMY WEST POINT,194372648636986914491935291694130038014
DAVIDSON,249399128245811308846682084956833217006
FLORIDA A&M,202195875285300321572585964243637693970
PENN,275836434629865418070661992080396387173
CHARLESTON SOUTHERN,7349083329727537856085606634338948293
MARQUETTE,50174643210219881997335493214009999636
LAMAR,83588153021278421077377669582103453113
TEXAS A&M-CC,211363486774605885549551023289844288184
ST. JOSEPH'S (PA.),331178317378272269718130573289444072894
BOISE STATE,179734795059175039088649928843926218195
VERMONT,65870008223171878788545391529989370421
GARDNER-WEBB,95509943233012647238244909081249473334
GEORGIA TECH,174631483057042752900614721770561996179
MONTANA,257997117092846877992741565049459504892
BRYANT,148990178380383237367590284611861723457
UMASS AMHERST,208489195565361019775507418061651964331
WAGNER,76467694786102584577957434118206102906
N.C. CENTRAL,279416658636676510060834403763227827090
TENNESSEE ST.,278664654516429869820498573305146177303
ILLINOIS-CHICAGO,87811767384271035577482399219584058373
LOUISIANA TECH,289174193332971832553079042385535164382
UC SANTA BARBARA,16796540812561200582269019322929146228
WESTERN ILLINOIS,307812769787804593641091549854797522148
UC RIVERSIDE,248992374374291542813349279850808983077
STONY BROOK,279019431847417157155020867107155119207
PROVIDENCE,218932861206867077618366736308932874554
WOFFORD,18133630813179515349629514772509004648
ST. FRANCIS (N.Y.),261626412202728957818273508128770150783
BUCKNELL,182211365636571978709393012120208873302
CSU BAKERSFIELD,102609299908548297608652418360263382630
CITADEL,311616798673241373590102923419581127394
SACRED HEART,94559469015954467770677209259413776767
XAVIER (OHIO),133207267561533456794520683210076929823
PURDUE FORT WAYNE,163323784351763436563192372692976610153
VILLANOVA,71744724577072733159675903667936914636
FURMAN,9986298984381419832283223034677048598
LEHIGH,89255889214630538279341109401648405844
LA SALLE,67677433929129383348434586540289645482
SANTA CLARA,219669046060514041853892362067328036283
NORTH FLORIDA,26468668413597169935748237594041283018
CAL POLY,34759770074738107162654955779924310282
PORTLAND,319128963414015692283552612547968139899
PORTLAND STATE,136242458897093276289508163195898244031
PEPPERDINE,319465952400436332723790997140531641095
LOYOLA MARYMOUNT,313063763851423983382794386563151203073
FRESNO STATE,89132171637614123788059532962829030952
BRADLEY,254558761638197361535367236221759054236
FORDHAM,69399019352145649916979627187741618651
LOYOLA (ILL.),95152451252023947836906028250122539657
BOSTON COLLEGE,169876201779886545434534445500351604930
NEW HAMPSHIRE,140669173227215768760802687251190165892
AMERICAN,136326719348241701673314328326226901936
MANHATTAN,222848781393414365094772493785339678596
COLGATE,57722827128265597623753813773794291908
BINGHAMTON,85911346853015846441381432367730281204
UNC-GREENSBORO,233682707374574276530776113635573415336
UMASS LOWELL,19281186657213665145448725297211891936
SE MISSOURI,54006555323468015479718831520482258869
WILLIAM & MARY,199283066741745888669596117100193271913
NORTH DAKOTA,201502729948544419352253065012218443053
MAINE,180305105742638704175581427034842266179
WEBER STATE,151276157295395360512288707222026054664
GEORGE WASHINGTON,336927082968451246076357415532895004201
CBU,93327310091917052100401373886817595720
GONZAGA,145074727100028946687288802431063365860
SIENA,267378267041607941483187608914551472769
OHIO,72175372629962367272663218021230771778
VANDERBILT,5328428241898318164317078046259318862
WILLIAM AND MARY,309713549958464333489481291289180570984
SAN FRANCISCO,89409028658857897861259470449620098044
IUPUI,317585644837083833425495859009989011739
BELMONT,183152141723310931062468892262156351327
TENNESSEE-MARTIN,308563083359630698222954278046684668472
SAINT FRANCIS,236677757486836407373696925220130470554
IDAHO STATE,28581774343308439303476657910632164823
ALABAMA A&M,36567002437926686972449808536559811993
ARKANSAS-PINE BLUFF,4423406372558939519274887714296574593
MERRIMACK,115689752685798717653303397697304299166
MISSISSIPPI VALLEY,300440339140571447653886443626617518097
MEMPHIS,296219158048180736760489766996948756792
HOLY CROSS,106858941982541713230997478924494768075
LAFAYETTE,89243668313271684773298139429005417279
CANISIUS,131459849578698006840120406661180866816
NORTHERN KENTUCKY,215314484293992880159112420068437071395
BELLARMINE,311355082103238793493228659480626560417
CREIGHTON,98764131516657218486367064565092886627
HARTFORD,316822788484366107750607889381618488561
UL-LAFAYETTE,253026943892134376953326314571375986834
ARKANSAS-LITTLE ROCK,325677524970919644940690823017261036283
SAINT FRANCIS UNIVERSITY,231597341657443900522615758726714774757
NEW JERSEY INSTITUTE,120696418277280417632604783100906765821
VALPARAISO,129493105158595067844047588310579966914
RICHMOND,37563244430164107182992359678488916139
ST. MARY'S (CAL.),31571203783251307459652274056729307761
HOFSTRA,39307832317198889462494315541740678584
TEMPLE,126608636858037448955272624352064482643
MOREHEAD STATE,129634432615440496018147258788943064279
SAN DIEGO ST.,271040775020712443307562535188973707738
SAM HOUSTON ST.,128229309602704910124394334920954238025
NORTH CAROLINA ST.,307785769874206388064903027028089152659
MIAMI,153092471368863393875254537973779436703
BOSTON U.,106888326270393890101426458732956066525
CAL ST. NORTHRIDGE,48264009859855049360068118496869404560
CENTRAL MICHIGAN,31591159669529940396906640883238050335
LIU BROOKLYN,211917804081980684231255327807755202528
WIS.-MILWAUKEE,170431974644147822761136100210089024925
UMKC,114861880679985614551354008498168617794
SAVANNAH STATE,36791232925166428900705413739894844175
SAINT FRANCIS (PA.),340044909734858550988851159003579300301
UNC-WILMINGTON,114081949312925605871117491654821084419
CAL ST. BAKERSFIELD,94357276766856892332698001676354837045
DETROIT,74817587565259702329630768215489156387
VA. MILITARY INSTITUTE,247077568621298338019500074598206099081
MISSISSIPPI,67895287112572378012986331026105054061
SIU-EDWARDSVILLE,169913876898784494263967903899616636432
TENNESSEE TECH,127951173314512795306652073515354154404
TEXAS-ARLINGTON,227004254282810335817496509063908332262
ARMY,148799772867545051149374748483496094645
TEXAS-PAN AMERICAN,260433415762964449178230311745941395699
RADFORD,211512753262924472351918457062330558499
ELON,81367074105657387624969213843589402070
QUINNIPIAC,198463639430622204768101933866969185750
CHATTANOOGA,196437718123267339754311124017237612690
OHIO U.,57045920684152030233507199222933492876
FAIRFIELD,147910444689648636157409353611417806549
FLORIDA INT'L,41523685785012717745390971194442925211
ST. FRANCIS (PA.),285285309671589086681838300256164104759
ROBERT MORRIS,338765087168834422483989106780993402457
NORTH DAKOTA ST.,212786877547818130295096357079097847612
FLORIDA ATLANTIC,193580435711498427285935172165395936494
OREGON STATE,130126683861490990589823885620813488397
MARSHALL,246181504544776638082992396004260092290
GEORGIA STATE,226330750924885210638990436052849531804
SETON HALL,111519044997532106889083554122199092036
BOWLING GREEN,129224807706524692047070975521200080177
NEW MEXICO ST.,55198867529317469707060530345018144205
MERCER,249063413505550462949267616881553133596
LONG ISLAND,107277560644700903910242701013432120056
MISSISSIPPI ST.,185075987630846613529529036814033394795
ST. LOUIS U.,64907909643580229074617991685893063364
DELAWARE,315545461235869612308615009091819899672
TOLEDO,77074970566362445004442906255697285312
MURRAY STATE,214508539985325600915277628922513931197
KANSAS CITY,258044771227265399751317977838833762464
TEXAS-RIO GRANDE VALLEY,158205917535383441018580560903603071159
SOUTHERN CALIFORNIA,124234934761206540534487762979525361133
UNAT-WICHITA STATE,218442700086116644771378102429595683183
CLOUD COUNTY CC,199571052559731611897860747971165597657
RUSSELL,276385648461351207463302045335609711551
UNAT-SAN JOSE ST.,319732006912323091273274285893174198912
UNAT-HOUSTON,103339169143658386056780084749023056154
NORTHWOOD (MICH.),311053981785955847745355893145996093305
IOWA CENTRAL CC,176891715351392024962623979743945671880
SOUTHERN ARKANSAS,309430554600221511619506266630281423556
HOUSTON STRAKE JESUIT,103566942654121237487434591665840007712
DAKOTA STATE,328780006950976299580081381023895763816
HUMBLE,48296908409737645103692364187089121581
CUMBERLANDS,234802499449840846061239640653355349613
PEARLAND DAWSON,177035524290925621992448270663919693918
BARTON COUNTY CC,332120751330272157191139699770399166602
UNITED STATES,174474371058589469032127478324812947411
ARKANSAS BAPTIST,311412832627276755744190797765778374718
UNAT-PURDUE,338878365319887530901456533596098230797
UNAT-NEBRASKA,153612029085418861893810402837538190170
WESTERN TEXAS COLLEGE,73291264944615506959390490369028388721
BUTLER CC,7728734599494036851714875661635781488
UNAT-BUTLER CC,264928166500984984673635980678772478972
WICHITA-SOUTH,118776951511713271478230598027721552762
UNAT-SAM HOUSTON ST.,18315176193549948912235960555582651133
WYLIE,57853430718803832719544195606086694323
NEW MEXICO JC,4927055549798697098037100588060354571
TEAM PERFECT METHOD,37549277934326751526256266180283758527
BELGIUM,39911375990659927400707728445736326110
UNAT-WISCONSIN,57026228151913227609996006892303728669
UNAT-GEORGETOWN,55076612670847259502190481254752556080
NIKE / NIKE OTCE,53551620035394079674003047690581834458
NIKE OTC / NIKE OTCE,82878188428058035367659813269411761555
NIKE,15527738093808268478569994320362947613
INDIANA ST.,53144632794133774864558864833890922280
TEAM GREEN RUNNING,209740289782380791958468444437126954483
UNAT-PRINCETON,27795938644971950850608302319792473984
NYAC,111063637591660600163340220764455533296
COLBY CC,167657361663469594977703640961166744208
HOKA NAZ ELITE,248734048228460507392139950714598311072
ASICS,22457628619646148282071135566018008440
UNAT-UA,288189547149663457134828690460852625267
UNAT-VIRGINIA TECH,256526816498058617671206659579485116783
SAUCONY FREEDOM TC,110311128867436721575611544533056958772
UNAT-NORTH CAROLINA ST.,67624638960490970249675108283678398427
PURE ATHLETICS,263371892053435039129533495399006959244
KENT ST.,136235420257615155256180878637562133199
UNAT-SYRACUSE,21477171697934816388939792902468409506
NEW YORK ATHLETIC CLUB,264703091265277581796261237866229824931
UNAT-NEW MEXICO,180769958794323747623117323231656026890
UNAT-SOUTH DAKOTA,36523766062028582564877198746589829248
UNAT-MINNESOTA,87295178509071076202190317810334073999
UNAT-LONG ISLAND,56953051307631069392603596983067944545
UNAT-MISSOURI,97712729366621618746557645498824065934
UNAT-DELAWARE STATE,29380373353926176508822788878036735308
IOWA ST.,66049211032410215529541385096470701457
UNAT-ALABAMA,239014091291206296826889416005450910624
CANADA,213072551798811059906336495510926204679
UNAT-SAMFORD,180926962316552285871957185124904116948
BROOKS,282523176572107749695950266963216398525
BAHAMAS,175020222587415079911052691826619909179
UNAT-TCU,194824889359665877087948390219747810464
UNAT-CORNELL,128918180419388208876436787803864361749
HOKA ONE ONE NAZ ELITE,213959586295249967500693479299155375407
UNAT-NORTH DAKOTA ST.,99474885887950366274836950265060048731
,21695180178296083381368992169231146403
OKLAHOMA ST.,145679527687483390557966023612618406408
UNAT-GEORGE MASON,268411910793779693297287070425947502276
UNAT-ARIZONA STATE,152791129047287889608722785867869287491
UNAT-MEMPHIS,199059972540134431486587562380920350349
AUSTRALIA,165818237545305516122906949834869112167
GREAT BRITAIN,251316533027248102257816420008772170927
UNAT-MICHIGAN,66007206000239866297597189329067255135
UNAT-CLEMSON,9790326676031846227553460200570678801
DESOTO,309570804009427227350193664735083019818
UNAT-EASTERN WASHINGTON,236966496851288930067643609507755426330
UNAT,226171113752760957134228937865472580877
SERBIA,326260548236946796394699707651772580650
UNAT-BUTLER,8791694062002803515948579565164506037
JAMAICA,294356440146940983127307966086852744629
NIGERIA,55135468818836194315131206527017398346
UNAT-NORTHERN COLORADO,56587941123371734075246754656440915574
UNAT-SOUTHERN UTAH,240101539673843887029961954374453745957
UNAT-BUFFALO,196207349081120857842457468109548662767
NIKE OTC,10352603183917457531958722308383435113
UNAT-MID. TENN. STATE,185380046471658565165491470024123757273
ARKANSAS ST.,6944540005759661205704294058271721370
UNAT-BOISE STATE,121841745243279992810835451550374357012
SOUTH PLAINS,117716754536873316767785904361459633867
UNAT-INDIANA,217195250793339824895839056698946523546
UNAT-LIBERTY,3056547773225547288460506839080396421
UNATTAHCED,141231294153780846269819635789253290164
GHANA,310311562856219878723654575214919281994
GEORGETOWN UNATTACHED,316824271282484647523106450025689637044
UNATTATCHED,260713998359966678003654296714598373774
UNAT-AKRON,245637735770032515869740786654345387589
UNAT-SE LOUISIANA,77391157041323220180797189433550916032
UNAT-ABILENE CHRISTIAN,140799426875975083879729147261951107986
APPALACHIAN ST.,135960604984164302745738084660251837989
UNAT-OKLAHOMA,177257370891905072057795013498388525176
UNAT-KANSAS,101283506319643622042343695023721263462
UNAT-SOUTH DAKOTA ST.,291020231558485861717741940348482172136
UNAT-COLORADO,262285224933173713006618332711223494092
NORTHERN ARIZ.,76162596533072858769064881464090769278
UNAT-KANSAS STATE,131984299014755366233612344074681015037
KANSAS ST.,90190886945916714445349012727521927688
UNAT-FURMAN,103921323362332283734822806103062945223
UNAT-NORTH DAKOTA STATE,222714155179494460610886571495254864204
UNAT-VIRGINIA,90574419127883417207786443166441629734
UNATT-WICHITA STATE UNIVE,117730381874506692165602392369256457835
UNAT-TEXAS TECH,171075366550464873540316368118614313962
WHITEHOUSE,328505325738652290998841235476868415452
UNAT-NORTH FLORIDA,260034285238041992462154314319100634737
UNAT- NORTHEASTERN,45384115869483870693140299782726979029
UNA,195251142944691022132915929056331142379
UTAH VALLEY STATE,230330946129309040323409945330471595992
FLORIDA ST.,150758809691125243090924081652952275534
UNAT-VCU,218620677710976143626444054887619459069
UNAT-VERMONT,246565652274476482803572467305702087244
DAYTON,66826548911100860224952274142539213887
ADRIAN,293260720818681388139673606637281316607
WICHITA ST.,271095576643678517047244815826904312620
UNAT-GARDNER-WEBB,19577417127644673757471962963131779146
UNAT-BENEDICT,333054639816583151129332007069421315198
UNAT-ILLINOIS,144966880730342346052666605149061529287
UNAT-NORTHERN ARIZONA,332813334596657982262684465380698302531
UNAT-UT-ARLINGTON,299744315345585447788298189965292829533
UNAT-,24834914397291093318814352023658577939
ASICS FURMAN ELITE,95094733606343591603446109841799581570
U.S. ARMY,243592585279776653564733518873031295608
UNAT-MICHIGAN STATE,161641363355687727106960325875978585247
UNAT-ARKANSAS-LITTLE ROCK,13428936017193210210744779692875928094
UNAT-COLORADO ST.,247085931150319241935842374357294461992
UNAT-INDIANA STATE,322291614474341766749184730380233492198
UNAT-RIPON,13373098486176339590179684181278010239
MIDDLE TENN.,42414462223963372006664377195337615029
UNDER ARMOUR,134713894518189910469669572736315309887
UNA-FAMU,259827196696869231265643956883335808103
INDIAN HILLS CC,123656521440169851754329291375088229384
RIVERVIEW (SARASOTA),22807883007819894924653347276462112160
IDAHO DASH TC,307518774673999325604038749904617881520
UNAT-GONZAGA,90208016760324807364867372622003102220
UNAT-LONG BEACH ST.,41120900927510257748031195257779316270
ALIEF TAYLOR,290323989620774690010982413847193092666
UNAT-BINGHAMTON,291222898110614738997185747731413601936
TAYLOR,33778936880876267052894358738405743654
UNAT-IDAHO,188409542318648563848509428725129929319
HOBBS,239734025850037403079195583244472058714
WILLIAM CAREY,240049224200783660818001602090431945106
UNAT-BRADLEY,26268315898858602164833296333497292296
CONROE OAK RIDGE,333974439529953812596604165908007583341
UNAT-USC UPSTATE,94599268401150895063899351392676070607
AMARILLO TASCOSA,113216672228673229295095318236644601694
QUINCY,222883014078997575144655139953529960871
UNAT-CENTRAL MICHIGAN,53066477772083083171740783704588307856
WEST ALABAMA,110531505989275164778282438932012250178
UNAT-OHIO STATE,183414660782670611436586131313051914082
UNAT-RICE,46375329622246290126884220922271411438
INDIANA TECH,88349127071551524060771208484844399453
CENTRAL ARK.,320031170739143441540958848816047262375
ALBUQUERQUE ACADEMY,212764562644676218237274543147234954930
MSU DENVER,49431834867593717015389778084241842099
METRO STATE,175179089152015050847226552743789857054
ARLINGTON BOWIE,231903648607558439635659848234917495983
WICHITA-WEST,180184889900737949843887728354415441108
EASTERN ILL.,77801958526151542735934202685107407511
VICTORIA WEST,296966417555025641653555722259381413025
UNAT-HIGH POINT,182603061554358256003230313731711179852
GARLAND NORTH GARLAND,157294748850982418396771249281204280550
UN-AZ STATE,47044860352318309887726909985584551412
UNAT-TEXAS SOUTHERN,250939241512197028463594237337785387118
GARLAND SACHSE,192738661942899220714950167408488961057
UNA - SAVANNAH STATE,121360132825443681635750268329577657368
TIFFIN,57238100868847562154461846145552747054
UNAT-MARQUETTE,298582759693753224730633339748649583053
UNAT-SOUTH FLORIDA,55808954242970529146535057823039429596
UNAT-TEXAS STATE,179293859340965550724115507899276675063
UNAT-LUBBOCK CHRISTIAN,80073426154400038285633935830068910375
UNAT-WASHINGTON ST.,68185288097048575997185723083467385644
AMERICAN HERITAGE,153206296055505204522786143008860720640
CAPE VERDE,254311222319843396975283079085820622624
LANE CC,304314081772798120792946992780009335966
UNAT-ILLINOIS-CHICAGO,59187799276766370601059264676188301491
UNAT-MARIST,312219716577673060898175537035245491236
SPRINGFIELD CATHOLIC,104867353154062722239185003254509007116
UNAT-SEATTLE U.,75882877930161126898565830878968974089
DOUGLAS,252314108222455020638878351876381570303
ANDALE,173591941458287125649627405491821880819
HOMESTEAD,99083532149888355561664368108280903701
UNAT-UTM,175474809159906699587997464193491723096
UNAT-VILLANOVA,25282435676563431926782303297968500153
RUSTON,293090452826324404836434817435077324005
ADIDAS,241035822524201985347475002013673916917
RAYTOWN,146269321083656244164824366282652090716
ABEO / SANTA BARBARA TC,201732916908714243149115075959709554328
UNAT-INCARNATE WORD,217635753706556490747920882172163810053
UNAT-TEXAS A&M,287261268215130600861471269494470894053
UNAT-MONMOUTH,30212702407770880588069820723191197965
JOHN CARROLL,137495922059654378164291524173260208848
ALASKA ANCHORAGE,213223210665309862727382506096706215276
TEXAS-SAN ANTONIO,303667891877335924708671699385129720751
UNAT-FIU,104614248958004757291777779186876622756
UNAT-MCNEESE STATE,162483693651088974440163305481106841491
UNAT-MONTANA,227874943930560976587372370595233542728
UNAT-LA SALLE,213631852016022504715822394932483599553
UNATTACHED - YPSI,126611749506416751940256826654992444486
GIBRALTAR,37388935016106436815488218208788417930
HOUSTON CYPRESS FALLS,333326405065397681678286532819841287941
UNAT-IOWA STATE,32503046979436720207318735894926065441
UNAT-WAGNER,235354747693746220463720843082137480214
BAKER,136126095275455746932127288073162460923
"SUMNER, JEWEL",54312802704890778852945891899382502594
UNAT-TULSA,327549093902462688247801826898768687120
UNAT-TEXAS A&M-CC,127153107545063074935843758124900047344
PENN ST.,216618591503853068954927285081317332849
UNAT-NORTHERN IOWA,90356945193708686496957730506032040946
UNAT-BAYLOR,136751463497629592119866288238101509503
UNAT-TENNESSEE ST.,131937334650642507576753476059137524498
TENNESSE STATE UNIV,69295554092129636485056499518780440938
UNAT-KENT STATE,135500603563425551330446390853960248758
MICHIGAN ST.,275269376333728271644716862742459720036
UNAT-MONTANA STATE,285025671907735906357469009300363054311
NEW ZEALAND,293509815505711107429970521152726522026
UNAT-SOUTH ALABAMA,66100331935638965595840680831937502334
STONEHILL,51754871365631590677607873810405549748
UNAT-ARKANSAS STATE,110606183811622024496191746322940335974
PARADISE VALLEY,160771062211613404707018681649430636352
SOUTHERN IDAHO,321536781448280033921885852594522298785
NIKE / BOWERMAN TC,317246636087286722643285483314373878507
NIKE BTC / BOWERMAN TRACK,67154068857884745209169862203984975490
UNAT-OKLAHOMA STATE,84632689707671776457770242384516027049
MAIZE SOUTH,201012236331081925154017335002699762106
HOKA NJNYTC,91756363289509129214135958813482306794
MILLARD SOUTH,108815766031644035662070975192650941860
NEW JERSEY NEW YORK TRACK,309796539073967319787861285469495036537
NIKE / NIKE OREGON PROJEC,4903995946568730078138100186897195500
NIKE OP / NIKE OREGON PRO,244662208464022031372821831958896804615
US VIRGIN ISLANDS,300685839445132816187889195063721891060
DALLAS ROOSEVELT,239304366337135989246722733853346424808
UNAT2,44323102862693020228891684733533750607
UNAT-UMASS LOWELL,67715284632333569620508675745401570368
ATLANTA TC,273029609081747116522592136266482689931
ATLANTA TRACK CLUB,231476405449751341321500336698703100900
BARBADOS,244373962622340485904451536350875404612
HUMBLE ATASCOCITA,38111101686268459695706690933593300771
BROOKS / BROOKS BEASTS TC,229579356425358949520481539516367696658
ALLEN,26459763035152367777547108869450234079
LOCKPORT TOWNSHIP,266545960047108789764837105098326993430
MCKENDREE,196298208577405504053663970974374993733
TRINIDAD & TOBAGO,201457977640556052971665767521331487064
SKECHERS PERFORMANCE / MA,139690632086759400982560820395406393304
NEW BALANCE,23595578409797453987159281477796965385
FORT BEND MARSHALL,62647384533263844855025044573138052041
UNAT-NORFOLK STATE,243785494201890416330920041498169827846
SPAIN,134408914062455568487292191530593221930
KENYA,122144537734750468449408335128426467699
SHORE AC,316022043767198865413495263980409407901
COFFEYVILLE CC,221406009596241121546162067159046328588
LIMESTONE,281069688678481679810684960931181081528
OHIO ST.,223229736637520526081666881927823018869
LINDENWOOD,150423343223779532272083806485541537756
MOBILE,116126809188381911696190576685335559441
UNA-MONMOUTH,194208202139185015995360642418723257988
UNAT-COLUMBIA,326663886321455635873047966889689469142
PACESETTERS TRACK CLUB,121018704335862257024786456831847691585
UNAT-TEXAS,202626438794849621581905072405654345321
UNAT-SOUTH CAROLINA ST.,295616977376245490078414418115928361776
EDMOND MEMORIAL,237810112826703566871031650072254277120
MUNDELEIN,172358932040219315798117228764438578579
ZIMBABWE,292185695841245711845923309000058726539
ZAP FITNESS REEBOK,5745321534690378608194144562376074780
ALABAMA ST.,58656709535213904208562263593806615322
UNAT-PENN STATE,255848820092955503858218039262366226861
MORGAN ST.,291071496345867805810813511446802634525
UNAT-TENNESSEE,254125421745332104114655218616928808915
UNAT-WILLIAM AND MARY,228058688879590832313249821891546360692
UNAT-STEPHEN F. AUSTIN,251215314066987906034115687440461914620
COASTAL CARO.,296436290771243062574619646504524075134
MIAMI (FL),293537262626290904776274422890039256077
UNAT-COPPIN STATE,88761106649207779917677330632947058403
NAPLES,191649499639009667324465415032897298110
UNAT-FLORIDA STATE,290216512232011221353365335972478780817
UNIV OF NORTH CAROLINA,214676540223773027396429855092481672835
U. OF MINNESOTA,160414491540514497095793567350774027889
UNAT-PORTLAND,163369264731438830084149568633972183838
UNAT-WYOMING,197861300049884972080742980111100009026
HOKA ONE ONE / N J N Y,201159855332156055564668661068794543048
UNAT-NYU,20183125619483739434556708789223907929
MERIDIAN CC,10788269480060115213237739076467639692
UNAT1,75510513381793198909610912313259931078
UNAT ND ST,267982584374890437835031197450008907363
ND STATE,129180720409309764622496276184846792442
UNAT - INDIANA,4211897372033682238792403613460423766
UNAT-SOUTHERN ILLINOIS,315031344425496768937368259014203518237
EXHIBITION,17336341406542523094521532173411000616
UNAT-SIU,327894168322338224728386851052784411843
UNAT-NAU,14170402822943171369331869342972817676
SOUTHERN INDIANA,193569724826492744526454140492868361424
SEQUOIAS,244965486539587284020544596928422802903
UNAT-PORTLAND STATE,56356584153996755617282019666162714545
WICHITA-BISHOP CARROLL,328952647645882370158100736669002747086
UNA-MONTANA,14272888121342947654244005137057813333
PIEDMONT,275251026064590398268207029949507652422
EDWARD WATERS,174157677937635527516938287726516955126
UTAH ST.,202725080447808805950091810214269741977
UNAT-STANFORD,180727886547963160696947819463261237419
WILEY,1219392464237217783336306223726580036
UNAT-IDAHO STATE,334085656677091810306313465437963272210
UNAT-OAKLAND,220065241018788674100637183644496175545
UNAT-GEORGE WASHINGTON,106781870740825523579952269603820156840
BISHOP MIEGE,101906987557870702050179081434721618079
UNAT-WOFFORD,145222544303369355853771545787931417883
UNAT-MCNEESE ST.,233446711772505597567242192824112798404
LOUISBURG COLLEGE,206700777595265998560500894237783809853
UNATTACHED - A2,207276494886134518405413403908166186684
HIGHLAND CC,47348388687627130910692289475621142932
UNAT (CSU),130046484912157199517326286269745926419
UNAT-ASU,215644628762027666495902314984169129761
SOUTH ALA.,280114670802376259885179225564306236419
UNAT-UT-RIO GRANDE VALLEY,112607553561420023105255906558811283481
UNAT-DUKE,322606816874863800989524347331179290873
UNAT-ARIZONA,46610422028078714646878285301720662641
UNAT-RHODE ISLAND,156972878266293231512884105579347735262
UNAT-MILWAUKEE,231570872518398894904424592712976500026
ARLINGTON SEGUIN,271251110951413267574850944225985390862
PUERTO RICO,203402988050565924530447139534538951215
HAITI,18978079594122396759702661134338745441
MISSISSIPPI COLLEGE,87996577577167301966660802949455679624
NAVASOTA,183246417678806705798894713086824118931
LOUISIANA ATHLETICS PROGR,261469059884236845211751349089402813747
NEWTON,313620646682535344719711736989552415585
GRENADA,200917514233025018808455309535905835255
UNATTACHED-COLORADO,320339614951240655573540912915402328123
SOUTHERN NAZARENE,235011971859739600916961042109869713192
DISTRICT TC,303090843733381228398087192626096049948
BARBE,97344825252069530706183118453874728102
UNAT-TAMU-KINGSVILLE,295389683009755534830511810305678780181
TAMU-KINGSVILLE,101818661652885444537593165030778271361
CECILIA,219039329036734541039584736028077251435
QUEENS (N.C.),287814343970936759885728671997461198439
NOTRE DAME DE NAMUR,303817387455856904090511317798702759499
ESSEX CC,30670329388509356962382497790040817193
CAL POLY SLO,88368265706137213483454298745837331853
LEROY-SOUTHERN COFFEY COUNTY,43825288742488892585603618357320425171
UNAT-KENNESAW STATE,105314758460589147567530309115985539901
UNIVERSITY OF MISSOURI,47680374205596951858338157665479194331
UNAT-UNC-GREENSBORO,241865398999975634438621758403437839407
BOWERMAN TRACK CLUB,135577646468029294375248660516673879196
EASTERN MICH.,255619257756444837627987913778808433542
SHOCKER TC,249263759111676940456233490669090198013
SHOCKER TRACK CLUB,265407454298123233435070012386148409442
LIBERTY - UNATTACHED,249382878057544000153398437807660202839
JASPER,335294098301828135896166530819644319151
UNAT-UMBC,162642673441798925431096322153212445921
COWLEY COLLEGE,36546550657240299108194635689786509915
UNAT-SD ST,24224423164670938028604462864084794786
UNATTACHED - OU,308552372792466132226101426038072265756
UNAT-AUBURN,336260125788267572409422797010363848478
TARA,311521408822550280060914888261877995019
UNAT-ORAL ROBERTS,145683954102476039453660530621389840247
CAYMAN ISLANDS,79316992122659639260297525323459216837
ULTIMATE SPEED ATHLETICS,305552820984363331567611194232112705442
WAUSAU WEST,218785260980144930970943505025387220991
RAYMORE-PECULIAR,23973635100145694220866670374407223805
AUSTIN LAKE TRAVIS,320718697279709654681833128104350292155
TUSCULUM,193456693778460306899681217485791304182
GLEN OAKS,303419546754613550724788090340877056180
BROADMOOR,121111205722588239978159502315222380775
UNATTACHED INDIANA UNIV.,76481498536447685600115244640520264207
HUTCHINSON CC,167170840119689799159965888535180254217
O'FALLON,124466007816561542983106252495976840712
UNAT-DICKINSON STATE,324321858006203284700997539971210040455
MANVEL HIGH,323727724536915131600559088504242850086
DUBUQUE,270224014199716216562928805393934843315
SOUTH AFRICA,146286592250632649404826244969063504152
MIAMI (OH),103452095507444492459723204718781817071
MOUNT TABOR,311074199303944331264958398006694798890
UNAT-RIDER,125216864950001876446776842588048569806
UNAT-CHARLOTTE,150933726137471083697642019610163673275
HAWKEYE CC,72453339614633705944177462777609939023
MIAMI COLUMBUS,197017737833655911412696133348437904315
COLUMBUS,287486407351306867099934737685016029555
UNAT-LINFIELD,314924506173467146279021664172335277533
UNATTACHED - LIBERTY,139245574108737224249134578460685239485
S.H.A.R.K.S ATHLETIC CLUB,20116505660333731888130425734670526234
S.H.A.R.K.S,281670647262517837176630435441717147145
MT. SAC,199069334209838126223513051448674008534
S.H.A.R.K.S. ATHLETIC CLU,108565062664464165922096122712513332816
S.H.A.R.K.S ATHLETICS CLU,253288980744728165618709064050955529479
HINDS CC,205049244026961497256124733077616658320
MIDLOTHIAN,248356091809808404925501561208368520085
UNATTACHED-BOISE STATE,152084641853902931110778799341872788869
THE WOODLANDS,277132346670955875264206365611266143840
UNAT-NORTHEASTERN,191800075987973607064742451281463262114
NORTHEASTERN UNIVERSITY,247663590923237777648741733077081903106
PFLUGERVILLE,51150298813145741031721269745591515828
UNAT-SAM HOUSTON,339545872956594441448994091721489737816
UNA-NEBRASKA,333224985389821543029900500903894552033
TITANS TRACK CLUB,259199487146961575051164570720770104489
ROCHESTER,62734033072560256404669163392195981844
ACADEMY OF ART,303359461085489124180019336386769502997
BAA,141730107576775045300689848393225127618
BOSTON ATHLETIC ASSOCIATI,227815683811492565691455267881477716090
SAINT LEO,108799694840885618061754224213027159870
UNAT-MANHATTAN,278106225218145997649869336634513751006
TEAM USA MINNESOTA,21751618376762718680160522262595383583
EMPORIA ST.,242991540337245279628932013015354809808
WESTERN STATE,155503523770853945324424635138400509022
MILLIGAN,123780353829067160017576726709271532903
HONDURAS,47256354929303156754751810764153996350
ANTIGUA & BARBUDA,268763093600091321963990996791121643090
MESQUITE,329333659959827071417745003640444333947
UNAT-CHARLESTON SOUTHERN,33131751524402915638659574213136915552
HUNTSVILLE,267834210539918381013160090885165938156
SUDAN,131724731515773093333566091823469694308
UNAT-WAKE FOREST,192166030838976159027666622377468136
CHADRON STATE,28925287462033495423598103703700209416
MINNESOTA-DULUTH,292601137324769324337436202621771365675
VT ELITE,139925317892689833759063354975113479767
LIBERIA,155482552596477142340343636476817696019
VIRGINIA STATE,205771261407496695207193756391019333135
CARLINVILLE,147157964412582061449921397128365823095
UNAT-FLORIDA INT'L,205580128857919613952866191559661639505
OKLAHOMA CHRISTIAN,154301250865906886564799494767575410350
DENMARK,183186167305988889975262851564976309084
UNAT-ST. PETER'S,227990910166533258127679536097431462944
UNAT-UMASS AMHERST,321696643060351554362384998239839237011
UNATTACHED-MARQUETTE,57019446338802660624881353493094611226
CONCORDIA,46177071846303232680876071426724222188
UNAT-CLOUD COUNTY CC,143527758909992989774466839415727092980
UNAT-LAMAR,256788140261314970650726988168298116687
UNAT-CONNECTICUT,108557365665996821076424316461898199271
WESTERN COLORADO,257337328061251280066080253917662132983
WESTERN COLORADO UNIVERSITY,94371682261857886124989057607596757504
UNAT-WESTERN STATE,319011594953111689970992093161925784751
KELLER CENTRAL,76654608543475109453595933097038508433
UNAT-IUPUI,334997548066502991883393999510287765787
EIU UNATTACHED,283436563183326889451172674293901545433
UNATTACHED - KANSAS,71827526038073582493866521596069547821
SPRING,193570285701681230880885802614588774456
UNAT-MOUNT ST. MARY'S,297364987962889097325592957298265377474
UNAT-MARYLAND-EASTERN SHO,306919691842127179871974348692020159798
AZUSA PACIFIC,226078348317200066678612289845193901162
ZAMBIA,201197376150085030840117376334966834421
WELLINGTON,66107001880564229932900755904489781885
ABQ ACADEMY,195048448099978039202575868240262367727
INDIANA WESLEYAN,244455366190988154163670588240095576660
TAMPA,99726765979625776012492134048484659881
PARK HILL,309257599920791286610628757503527032714
WAYNE ST. (NEB.),89108268692956220618107211176495155757
UNAT-SOUTH CAROLINA,179761843130390019683900328078448395499
MASSACHUSETTS,20573405494914587833501692112992109410
UNAT-BUCKNELL,243699390044891162054403815686133762677
CAL ST. SACRAMENTO,131883636014037764990341944054137975936
PUMA,175106915639981583141742966570198050093
GUSTAVUS ADOLPHUS,67284660977220814186753364173544724576
UNAT-LEHIGH,323172256086630926225558319066114997494
UNAT-ARKANSAS,43408175162810010897199411188343442009
UNAT-HOUSTON BAPTIST,213957484761579367145793748545405765891
IMG ACADEMY,171949020952717506156025523248456194974
ANGELO STATE,340264039742006000503837097579323788916
UNAT-EAST TENN. ST.,290166492111620219969526584709102820690
UNAT-SOUTHERN MISS.,325070361352239243450421180530598690188
ASICS / NEW JERSEY NEW YO,156630720164345630928224429963271687699
ARTESIA,332479288475728997063987207030425995767
NEW BALANCE/BIG BEAR TC,128346067801461435357869310366324211785
UNAT-UCLA,193347494928146094622462079034316278025
UNAT-UMKC,329917692381740299746205115923584147538
BEAUMONT WEST BROOK,218228622868295425758389399558498481345
UNAT - USAFA,336301235194764716485345353197502132352
SEATTLE UNIVERSITY,112548715728247414397880070745384691423
UNAT-BOWLING GREEN,55786224484910837060911624623556569489
LUXEMBOURG,122252836576649668438836248625817697648
SARANAC,137343497106893687355237996372082752292
UN-NAU,227730032691762715804047453293703128356
NORTHERN STATE,240991717276966559234426767592016209051
SD STATE,119878439781348755512883638458496716801
UNAT-FLORIDA,279654584389853367181715749635173700066
SHIPPENSBURG,132149176350771560806722347990583134302
UNAT-LOUISIANA,211521972674472896339937810348208118363
UNAT-UL-LAFAYETTE,111246202630213524244666826877308715516
MONTANA ST.,208326035281068950987028924535550019433
MAUMELLE,180139731099118205054497610214230354502
IOWA WESTERN CC,52764994016859016618587267483384160282
UNAT-SOUTHERN ARKANSAS,110211624017310998904486909738612025245
LYON,330486368565229594331947062930921098361
HOKA ONE ONE,211096208748246420432160999514257292551
NW MISSOURI,45370814538119258664854088484239052990
LINCOLN (MO.),339110216752513684379411199779072456839
E. WASHINGTON,212501737979673487178584494044730800394
SAUCONY,191971336917414147035086013225438747410
U-WICHITA STATE,106742970617302675114664046486089004747
GARDEN CITY CC,262491190534481954054732010342645381892
MAHOMET-SEYMOUR,182366436580076156477533676402954081105
TRUETT-MCCONNELL,101351651565781614153920355088357132528
UNAT-AZ STATE,276600460062786831703344484017116923686
UNAT-MIAMI,308445036688820087858976891352898191886
UNAT-TEXAS-PAN AMERICAN,26717914179262103941790986061715825055
TEAM BRENTLINGER,301940607945728505022363094156526252008
UNAT-MCNEESE,137107305821445105147888478276731853692
UNAT-JACKSON STATE,221896025316743787792523684277898689971
U-SE MISSOURI,288014230688307593649211567927409422287
UNAT-CHICAGO STATE,253079788853725122794979872899803934095
UNAT-GEORGIA,53891432384879019627228448209488698138
U-GEORGETOWN,1175887100518703084749827351174953092
SUMMIT CHRISTIAN (AUSTIN),130249982737057241244241905478243168905
OAKLAND UNIVERSITY,322559515593416679394943037843401065522
STEEPLEWEB,106425300834367408117314138103363697363
U-LA SALLE,308434679516544756163758521358370331461
TEX. A&M-CORPUS CHRISTI,230657397771297537281871014313173813888
UNATTACHED-UNI,47266966938472401936134849941101247093
UNAT-MIAMI (OHIO),143003644459647132699088550781045267334
CIBOLO STEELE,193564631097991305763874070299863206291
PHILIPPINES,9679821453123062917897459857824704963
INDIANA EAST,190690516420873431699161593351817254405
LYNN,57941533511820301812774244018311935437
KING'S ACADEMY,223395054433458663806978683748932142318
CARSON-NEWMAN,65264249560659882305253194102708463858
UNAT-LOUISIANA TECH,259406327541439548548548176099916381757
LAKESIDE,319509462983577186861855560638965279287
OLIVET NAZARENE,162566704611725557511961229521804171051
UNAT-NORTHWESTERN ST.,8864224332189900425284179155405271438
UNAT3,239696261666769627999433856762419007894
UTAH VALLEY UNIV,262802944002418194094773279151960275660
UTAH VALLEY UNIVERSITY,326930082055103672715265785034414094573
LA.-MONROE,103702337643160357687511540391680247679
UNATTACHED-WESTERN ILLINO,95271812939176245329298904736197740322
UNAT-WASHINGTON,299990199177147041626685051838634672982
CAL BAPTIST,251348475251173548634093873673335938382
UNAT-SAN FRANCISCO,111061488062535975875031448222785425574
CARLETON,145096627453452524577678051483634241113
UNAT-N.C. CENTRAL,190176916147394144493134021112752190290
UNAT-UC RIVERSIDE,300085992949668437810556620921673220263
UNAT-UC DAVIS,123365660126631051256523176063438777052
WILLIAM & MARY - UNATTACH,327943614513958628338688229225735736965
UNATTACHED - GONZAGA,53016050787326654091231820573063033394
UNAT-TEXAS-ARLINGTON,52465384962009350171773414081626737815
UNAT-UNLV,256457443828596658041612714144499587351
ALUMNI,214346177875579757078068951769854893816
UNAT-CREIGHTON,271681968822283811481177394590385780410
EDGEWOOD,101029241920120500789773089510462410585
UNAT-USC,275970176758798501595664936489443782711
ASICS / ASICS FURMAN ELIT,102045027598701239684370350030273936375
CAMERON,117483313768312521695404407735872802413
UNAT-APPALACHIAN STATE,157248438917358914271871626410375805972
UNAT-NORTH DAKOTA,222434051941973066420218204696566989762
UNAT-TEMPLE,25258081158930607725173092621181155376
AURORA,213889411360165601283323550898719698189
UNAT-OHIO U.,298033955216439770543626616207176641916
ST. PIUS X,53474648744771730840654766236947591320
UNAT-NEW MEXICO ST.,299131856578282644716858715886689146339
INDIANAPOLIS ARSENAL TECHNICAL,161858593974148885374727553901421719686
"KARR, EDNA",156804464012306988501434268641934026053
WILLIAM PENN,85521349592813724103766979556174631160
